{"cameraMode":{"drawMode":0,"name":"Shaded","section":"Shading Mode"},"sceneLighting":true,"audioPlay":false,"sceneViewState":{"showFog":true,"showMaterialUpdate":false,"showSkybox":true,"showFlares":true,"showImageEffects":true,"showParticleSystems":true},"in2DMode":false,"pivot":{"x":0.4123964309692383,"y":1.5036187171936036,"z":-1.1658902168273926},"rotation":{"x":-0.04863150417804718,"y":0.9342331290245056,"z":-0.1400582641363144,"w":-0.3243875205516815},"size":10.0,"orthographic":false}